y,x,R,G,B
216,960,0,0,0
216,961,0,0,0
217,960,0,0,0
217,961,0,0,0
218,960,0,0,0
218,961,0,0,0
219,960,0,0,0
219,961,0,0,0
220,960,0,0,0
220,961,0,0,0
221,960,0,0,0
221,961,0,0,0
222,960,0,0,0
222,961,0,0,0
223,960,0,0,0
223,961,0,0,0
224,960,0,3,0
224,961,0,2,0
225,960,0,3,0
225,961,0,2,0
226,960,0,3,0
226,961,0,2,0
227,960,0,3,0
227,961,0,2,0
228,960,0,3,0
228,961,0,2,0
229,960,0,3,0
229,961,0,2,0
230,960,0,3,0
230,961,0,2,0
231,960,0,3,0
231,961,0,2,0
232,960,0,3,0
232,961,0,2,0
233,960,0,3,0
233,961,0,2,0
234,960,0,3,0
234,961,0,2,0
235,960,0,3,0
235,961,0,2,0
236,960,0,3,0
236,961,0,2,0
237,960,0,3,0
237,961,0,2,0
238,960,0,3,0
238,961,0,2,0
239,960,0,3,0
239,961,0,2,0
240,960,0,0,0
240,961,0,0,0
241,960,0,0,0
241,961,0,0,0
242,960,0,0,0
242,961,0,0,0
243,960,0,0,0
243,961,0,0,0
244,960,0,0,0
244,961,0,0,0
245,960,0,0,0
245,961,0,0,0
246,960,0,0,0
246,961,0,0,0
247,960,0,0,0
247,961,0,0,0
248,960,0,0,0
248,961,0,0,0
249,960,0,0,0
249,961,0,0,0
250,960,0,0,0
250,961,0,0,0
251,960,0,0,0
251,961,0,0,0
252,960,0,0,0
252,961,0,0,0
253,960,0,0,0
253,961,0,0,0
254,960,0,0,0
254,961,0,0,0
255,960,0,0,0
255,961,0,0,0
256,960,0,0,0
256,961,0,0,0
257,960,0,0,0
257,961,0,0,0
258,960,0,0,0
258,961,0,0,0
259,960,0,0,0
259,961,0,0,0
260,960,0,0,0
260,961,0,0,0
261,960,0,0,0
261,961,0,0,0
262,960,0,0,0
262,961,0,0,0
263,960,0,0,0
263,961,0,0,0
264,960,0,0,0
264,961,0,0,0
265,960,0,0,0
265,961,0,0,0
266,960,0,0,0
266,961,0,0,0
267,960,0,0,0
267,961,0,0,0
268,960,0,0,0
268,961,0,0,0
269,960,0,0,0
269,961,0,0,0
270,960,0,0,0
270,961,0,0,0
271,960,0,0,0
271,961,0,0,0
272,960,0,0,0
272,961,0,0,0
273,960,0,0,0
273,961,0,0,0
274,960,0,0,0
274,961,0,0,0
275,960,0,0,0
275,961,0,0,0
276,960,0,0,0
276,961,0,0,0
277,960,0,0,0
277,961,0,0,0
278,960,0,0,0
278,961,0,0,0
279,960,0,0,0
279,961,0,0,0
280,960,0,0,0
280,961,0,0,0
281,960,0,0,0
281,961,0,0,0
282,960,0,0,0
282,961,0,0,0
283,960,0,0,0
283,961,0,0,0
284,960,0,0,0
284,961,0,0,0
285,960,0,0,0
285,961,0,0,0
286,960,0,0,0
286,961,0,0,0
287,960,0,0,0
287,961,0,0,0
288,960,0,0,0
288,961,0,0,0
289,960,0,0,0
289,961,0,0,0
290,960,0,0,0
290,961,0,0,0
291,960,0,0,0
291,961,0,0,0
292,960,0,0,0
292,961,0,0,0
293,960,0,0,0
293,961,0,0,0
294,960,0,0,0
294,961,0,0,0
295,960,0,0,0
295,961,0,0,0
296,960,0,0,0
296,961,0,0,0
297,960,0,0,0
297,961,0,0,0
298,960,0,0,0
298,961,0,0,0
299,960,0,0,0
299,961,0,0,0
300,960,0,0,0
300,961,0,0,0
301,960,0,0,0
301,961,0,0,0
302,960,0,0,0
302,961,0,0,0
303,960,0,0,0
303,961,0,0,0
304,960,0,0,0
304,961,0,0,0
305,960,0,0,0
305,961,0,0,0
306,960,0,0,0
306,961,0,0,0
307,960,0,0,0
307,961,0,0,0
308,960,0,0,0
308,961,0,0,0
309,960,0,0,0
309,961,0,0,0
310,960,0,0,0
310,961,0,0,0
311,960,0,0,0
311,961,0,0,0
312,960,0,0,0
312,961,0,0,0
313,960,0,0,0
313,961,0,0,0
314,960,0,0,0
314,961,0,0,0
315,960,0,0,0
315,961,0,0,0
316,960,0,0,0
316,961,0,0,0
317,960,0,0,0
317,961,0,0,0
318,960,0,0,0
318,961,0,0,0
319,960,0,0,0
319,961,0,0,0
320,960,0,2,0
320,961,0,0,0
321,960,0,3,0
321,961,0,1,0
322,960,0,0,0
322,961,0,0,0
323,960,0,0,0
323,961,0,0,0
324,576,248,253,247
324,577,249,254,248
324,578,0,0,0
324,579,0,3,0
324,580,0,0,0
324,581,0,2,0
324,582,0,0,0
324,583,0,0,0
324,584,0,1,0
324,585,0,1,0
324,586,0,1,0
324,587,0,1,0
324,588,0,1,0
324,589,0,1,0
324,590,0,1,0
324,591,0,1,0
324,592,0,3,1
324,593,0,3,1
324,594,0,3,1
324,595,0,3,1
324,596,0,3,1
324,597,0,3,1
324,598,0,3,1
324,599,0,3,1
324,600,0,0,0
324,601,0,0,0
324,602,0,0,0
324,603,0,0,0
324,604,0,0,0
324,605,0,0,0
324,606,0,0,0
324,607,0,0,0
324,608,0,0,0
324,609,0,0,0
324,610,0,0,0
324,611,0,0,0
324,612,0,0,0
324,613,0,0,0
324,614,0,0,0
324,615,0,0,0
324,616,0,0,0
324,617,0,0,0
324,618,0,0,0
324,619,0,0,0
324,620,0,0,0
324,621,0,0,0
324,622,0,0,0
324,623,0,0,0
324,624,0,0,0
324,625,0,0,0
324,626,0,0,0
324,627,0,0,0
324,628,0,0,0
324,629,0,0,0
324,630,0,0,0
324,631,0,0,0
324,632,0,0,0
324,633,0,0,0
324,634,0,0,0
324,635,0,0,0
324,636,0,0,0
324,637,0,0,0
324,638,0,0,0
324,639,0,0,0
324,640,0,2,0
324,641,0,2,0
324,642,0,2,0
324,643,0,2,0
324,644,0,2,0
324,645,0,2,0
324,646,0,2,0
324,647,0,2,0
324,648,0,2,0
324,649,0,2,0
324,650,0,2,0
324,651,0,2,0
324,652,0,2,0
324,653,0,2,0
324,654,0,2,0
324,655,0,2,0
324,656,0,3,0
324,657,0,3,0
324,658,0,3,0
324,659,0,3,0
324,660,0,3,0
324,661,0,3,0
324,662,0,3,0
324,663,0,3,0
324,664,0,2,0
324,665,0,2,0
324,666,0,2,0
324,667,0,2,0
324,668,0,2,0
324,669,0,2,0
324,670,0,2,0
324,671,0,2,0
324,672,0,3,0
324,673,0,3,0
324,674,0,3,0
324,675,0,3,0
324,676,0,3,0
324,677,0,3,0
324,678,0,3,0
324,679,0,3,0
324,680,0,3,0
324,681,0,3,0
324,682,0,3,0
324,683,0,3,0
324,684,0,3,0
324,685,0,3,0
324,686,0,3,0
324,687,0,3,0
324,688,0,0,0
324,689,0,0,0
324,690,0,0,0
324,691,0,0,0
324,692,0,0,0
324,693,0,0,0
324,694,0,0,0
324,695,0,0,0
324,696,0,0,0
324,697,0,0,0
324,698,0,0,0
324,699,0,0,0
324,700,0,0,0
324,701,0,0,0
324,702,0,0,0
324,703,0,0,0
324,704,0,3,0
324,705,0,3,0
324,706,0,3,0
324,707,0,3,0
324,708,0,3,0
324,709,0,3,0
324,710,0,3,0
324,711,0,3,0
324,712,0,3,0
324,713,0,3,0
324,714,0,3,0
324,715,0,3,0
324,716,0,3,0
324,717,0,3,0
324,718,0,3,0
324,719,0,3,0
324,720,0,0,0
324,721,0,0,0
324,722,0,0,0
324,723,0,0,0
324,724,0,0,0
324,725,0,0,0
324,726,0,0,0
324,727,0,0,0
324,728,0,0,0
324,729,0,0,0
324,730,0,0,0
324,731,0,0,0
324,732,0,0,0
324,733,0,0,0
324,734,0,0,0
324,735,0,0,0
324,736,0,1,0
324,737,0,1,0
324,738,0,1,0
324,739,0,1,0
324,740,0,1,0
324,741,0,1,0
324,742,0,1,0
324,743,0,1,0
324,744,0,1,0
324,745,0,1,0
324,746,0,1,0
324,747,0,1,0
324,748,0,1,0
324,749,0,1,0
324,750,0,1,0
324,751,0,1,0
324,752,0,1,0
324,753,0,1,0
324,754,0,1,0
324,755,0,1,0
324,756,0,1,0
324,757,0,1,0
324,758,0,1,0
324,759,0,1,0
324,760,0,1,0
324,761,0,1,0
324,762,0,1,0
324,763,0,1,0
324,764,0,1,0
324,765,0,1,0
324,766,0,1,0
324,767,0,1,0
324,1152,0,0,0
324,1153,0,0,0
324,1154,0,0,0
324,1155,0,0,0
324,1156,0,0,0
324,1157,0,0,0
324,1158,0,0,0
324,1159,0,0,0
324,1160,0,0,0
324,1161,0,0,0
324,1162,0,0,0
324,1163,0,0,0
324,1164,0,0,0
324,1165,0,0,0
324,1166,0,0,0
324,1167,0,0,0
324,1168,0,1,1
324,1169,0,1,1
324,1170,0,1,1
324,1171,0,1,1
324,1172,0,1,1
324,1173,0,1,1
324,1174,0,1,1
324,1175,0,1,1
324,1176,0,1,1
324,1177,0,1,1
324,1178,0,1,1
324,1179,0,1,1
324,1180,0,1,1
324,1181,0,1,1
324,1182,0,1,1
324,1183,0,1,1
324,1184,0,1,0
324,1185,0,1,0
324,1186,0,1,0
324,1187,0,1,0
324,1188,0,1,0
324,1189,0,1,0
324,1190,0,1,0
324,1191,0,1,0
324,1192,0,0,0
324,1193,0,0,0
324,1194,0,0,0
324,1195,0,0,0
324,1196,0,0,0
324,1197,0,0,0
324,1198,0,0,0
324,1199,0,0,0
324,1200,0,0,0
324,1201,0,0,0
324,1202,0,0,0
324,1203,0,0,0
324,1204,0,0,0
324,1205,0,0,0
324,1206,0,0,0
324,1207,0,0,0
324,1208,0,0,0
324,1209,0,0,0
324,1210,0,0,0
324,1211,0,0,0
324,1212,0,0,0
324,1213,0,0,0
324,1214,0,0,0
324,1215,0,0,0
324,1216,0,1,0
324,1217,0,1,0
324,1218,0,1,0
324,1219,0,1,0
324,1220,0,1,0
324,1221,0,1,0
324,1222,0,1,0
324,1223,0,1,0
324,1224,0,0,0
324,1225,0,0,0
324,1226,0,0,0
324,1227,0,0,0
324,1228,0,0,0
324,1229,0,0,0
324,1230,0,0,0
324,1231,0,0,0
324,1232,0,0,0
324,1233,0,0,0
324,1234,0,0,0
324,1235,0,0,0
324,1236,0,0,0
324,1237,0,0,0
324,1238,0,0,0
324,1239,0,0,0
324,1240,0,0,0
324,1241,0,0,0
324,1242,0,0,0
324,1243,0,0,0
324,1244,0,0,0
324,1245,0,0,0
324,1246,0,0,0
324,1247,0,0,0
324,1248,0,1,0
324,1249,0,1,0
324,1250,0,1,0
324,1251,0,1,0
324,1252,0,1,0
324,1253,0,1,0
324,1254,0,1,0
324,1255,0,1,0
324,1256,0,2,0
324,1257,0,2,0
324,1258,0,2,0
324,1259,0,2,0
324,1260,0,2,0
324,1261,0,2,0
324,1262,0,2,0
324,1263,0,2,0
324,1264,0,0,0
324,1265,0,0,0
324,1266,0,0,0
324,1267,0,0,0
324,1268,0,0,0
324,1269,0,0,0
324,1270,0,0,0
324,1271,0,0,0
324,1272,0,0,0
324,1273,0,0,0
324,1274,0,0,0
324,1275,0,0,0
324,1276,0,0,0
324,1277,0,0,0
324,1278,0,0,0
324,1279,0,0,0
324,1280,0,0,0
324,1281,0,0,0
324,1282,0,0,0
324,1283,0,0,0
324,1284,0,0,0
324,1285,0,0,0
324,1286,0,0,0
324,1287,0,0,0
324,1288,0,0,0
324,1289,0,0,0
324,1290,0,0,0
324,1291,0,0,0
324,1292,0,0,0
324,1293,0,0,0
324,1294,0,0,0
324,1295,0,1,0
324,1296,0,0,0
324,1297,0,0,0
324,1298,0,0,0
324,1299,0,0,0
324,1300,0,1,0
324,1301,0,1,0
324,1302,0,1,0
324,1303,0,2,0
324,1304,0,2,0
324,1305,0,2,0
324,1306,0,2,0
324,1307,0,2,0
324,1308,0,2,0
324,1309,0,2,0
324,1310,0,2,1
324,1311,0,2,1
324,1312,0,2,1
324,1313,0,2,1
324,1314,0,2,1
324,1315,0,2,1
324,1316,0,2,1
324,1317,0,2,1
324,1318,0,1,0
324,1319,0,1,0
324,1320,0,1,0
324,1321,0,1,0
324,1322,0,1,0
324,1323,0,1,0
324,1324,0,1,0
324,1325,0,1,0
324,1326,0,2,0
324,1327,0,1,0
324,1328,0,2,0
324,1329,0,2,0
324,1330,0,2,0
324,1331,0,2,0
324,1332,0,2,0
324,1333,0,2,0
324,1334,0,2,0
324,1335,0,2,0
324,1336,0,0,0
324,1337,0,0,0
324,1338,0,0,0
324,1339,0,0,0
324,1340,0,0,0
324,1341,0,0,0
324,1342,0,0,0
324,1343,0,0,0
324,1344,0,1,0
324,1345,0,0,0
325,576,242,247,241
325,577,249,254,248
325,578,0,1,0
325,579,0,4,0
325,580,0,2,0
325,581,0,1,0
325,582,0,0,0
325,583,0,3,0
325,584,0,2,0
325,585,0,2,0
325,586,0,2,0
325,587,0,2,0
325,588,0,2,0
325,589,0,2,0
325,590,0,2,0
325,591,0,2,0
325,592,0,3,1
325,593,0,3,1
325,594,0,3,1
325,595,0,3,1
325,596,0,3,1
325,597,0,3,1
325,598,0,3,1
325,599,0,3,1
325,600,0,0,0
325,601,0,0,0
325,602,0,0,0
325,603,0,0,0
325,604,0,0,0
325,605,0,0,0
325,606,0,0,0
325,607,0,0,0
325,608,0,0,0
325,609,0,0,0
325,610,0,0,0
325,611,0,0,0
325,612,0,0,0
325,613,0,0,0
325,614,0,0,0
325,615,0,0,0
325,616,0,0,0
325,617,0,0,0
325,618,0,0,0
325,619,0,0,0
325,620,0,0,0
325,621,0,0,0
325,622,0,0,0
325,623,0,0,0
325,624,0,0,0
325,625,0,0,0
325,626,0,0,0
325,627,0,0,0
325,628,0,0,0
325,629,0,0,0
325,630,0,0,0
325,631,0,0,0
325,632,0,0,0
325,633,0,0,0
325,634,0,0,0
325,635,0,0,0
325,636,0,0,0
325,637,0,0,0
325,638,0,0,0
325,639,0,0,0
325,640,0,1,0
325,641,0,1,0
325,642,0,1,0
325,643,0,1,0
325,644,0,1,0
325,645,0,1,0
325,646,0,1,0
325,647,0,1,0
325,648,0,1,0
325,649,0,1,0
325,650,0,1,0
325,651,0,1,0
325,652,0,1,0
325,653,0,1,0
325,654,0,1,0
325,655,0,1,0
325,656,0,2,0
325,657,0,2,0
325,658,0,2,0
325,659,0,2,0
325,660,0,2,0
325,661,0,2,0
325,662,0,2,0
325,663,0,2,0
325,664,0,1,0
325,665,0,1,0
325,666,0,1,0
325,667,0,1,0
325,668,0,1,0
325,669,0,1,0
325,670,0,1,0
325,671,0,1,0
325,672,0,2,0
325,673,0,2,0
325,674,0,2,0
325,675,0,2,0
325,676,0,2,0
325,677,0,2,0
325,678,0,2,0
325,679,0,2,0
325,680,0,2,0
325,681,0,2,0
325,682,0,2,0
325,683,0,2,0
325,684,0,2,0
325,685,0,2,0
325,686,0,2,0
325,687,0,2,0
325,688,0,0,0
325,689,0,0,0
325,690,0,0,0
325,691,0,0,0
325,692,0,0,0
325,693,0,0,0
325,694,0,0,0
325,695,0,0,0
325,696,0,0,0
325,697,0,0,0
325,698,0,0,0
325,699,0,0,0
325,700,0,0,0
325,701,0,0,0
325,702,0,0,0
325,703,0,0,0
325,704,0,2,0
325,705,0,2,0
325,706,0,2,0
325,707,0,2,0
325,708,0,2,0
325,709,0,2,0
325,710,0,2,0
325,711,0,2,0
325,712,0,2,0
325,713,0,2,0
325,714,0,2,0
325,715,0,2,0
325,716,0,2,0
325,717,0,2,0
325,718,0,2,0
325,719,0,2,0
325,720,0,0,0
325,721,0,0,0
325,722,0,0,0
325,723,0,0,0
325,724,0,0,0
325,725,0,0,0
325,726,0,0,0
325,727,0,0,0
325,728,0,0,0
325,729,0,0,0
325,730,0,0,0
325,731,0,0,0
325,732,0,0,0
325,733,0,0,0
325,734,0,0,0
325,735,0,0,0
325,736,0,0,0
325,737,0,0,0
325,738,0,0,0
325,739,0,0,0
325,740,0,0,0
325,741,0,0,0
325,742,0,0,0
325,743,0,0,0
325,744,0,0,0
325,745,0,0,0
325,746,0,0,0
325,747,0,0,0
325,748,0,0,0
325,749,0,0,0
325,750,0,0,0
325,751,0,0,0
325,752,0,0,0
325,753,0,0,0
325,754,0,0,0
325,755,0,0,0
325,756,0,0,0
325,757,0,0,0
325,758,0,0,0
325,759,0,0,0
325,760,0,0,0
325,761,0,0,0
325,762,0,0,0
325,763,0,0,0
325,764,0,0,0
325,765,0,0,0
325,766,0,0,0
325,767,0,0,0
325,1152,0,0,0
325,1153,0,0,0
325,1154,0,0,0
325,1155,0,0,0
325,1156,0,0,0
325,1157,0,0,0
325,1158,0,0,0
325,1159,0,0,0
325,1160,0,0,0
325,1161,0,0,0
325,1162,0,0,0
325,1163,0,0,0
325,1164,0,0,0
325,1165,0,0,0
325,1166,0,0,0
325,1167,0,0,0
325,1168,0,0,0
325,1169,0,0,0
325,1170,0,0,0
325,1171,0,0,0
325,1172,0,0,0
325,1173,0,0,0
325,1174,0,0,0
325,1175,0,0,0
325,1176,0,0,0
325,1177,0,0,0
325,1178,0,0,0
325,1179,0,0,0
325,1180,0,0,0
325,1181,0,0,0
325,1182,0,0,0
325,1183,0,0,0
325,1184,0,0,0
325,1185,0,0,0
325,1186,0,0,0
325,1187,0,0,0
325,1188,0,0,0
325,1189,0,0,0
325,1190,0,0,0
325,1191,0,0,0
325,1192,0,0,0
325,1193,0,0,0
325,1194,0,0,0
325,1195,0,0,0
325,1196,0,0,0
325,1197,0,0,0
325,1198,0,0,0
325,1199,0,0,0
325,1200,0,0,0
325,1201,0,0,0
325,1202,0,0,0
325,1203,0,0,0
325,1204,0,0,0
325,1205,0,0,0
325,1206,0,0,0
325,1207,0,0,0
325,1208,0,0,0
325,1209,0,0,0
325,1210,0,0,0
325,1211,0,0,0
325,1212,0,0,0
325,1213,0,0,0
325,1214,0,0,0
325,1215,0,0,0
325,1216,0,0,0
325,1217,0,0,0
325,1218,0,0,0
325,1219,0,0,0
325,1220,0,0,0
325,1221,0,0,0
325,1222,0,0,0
325,1223,0,0,0
325,1224,0,0,0
325,1225,0,0,0
325,1226,0,0,0
325,1227,0,0,0
325,1228,0,0,0
325,1229,0,0,0
325,1230,0,0,0
325,1231,0,0,0
325,1232,0,1,0
325,1233,0,1,0
325,1234,0,1,0
325,1235,0,1,0
325,1236,0,1,0
325,1237,0,1,0
325,1238,0,1,0
325,1239,0,1,0
325,1240,0,1,0
325,1241,0,1,0
325,1242,0,1,0
325,1243,0,1,0
325,1244,0,1,0
325,1245,0,1,0
325,1246,0,1,0
325,1247,0,1,0
325,1248,0,0,0
325,1249,0,0,0
325,1250,0,0,0
325,1251,0,0,0
325,1252,0,0,0
325,1253,0,0,0
325,1254,0,0,0
325,1255,0,0,0
325,1256,0,2,0
325,1257,0,2,0
325,1258,0,2,0
325,1259,0,2,0
325,1260,0,2,0
325,1261,0,2,0
325,1262,0,2,0
325,1263,0,2,0
325,1264,0,1,0
325,1265,0,1,0
325,1266,0,1,0
325,1267,0,1,0
325,1268,0,1,0
325,1269,0,1,0
325,1270,0,1,0
325,1271,0,1,0
325,1272,0,1,0
325,1273,0,1,0
325,1274,0,1,0
325,1275,0,1,0
325,1276,0,1,0
325,1277,0,1,0
325,1278,0,1,0
325,1279,0,1,0
325,1280,0,1,0
325,1281,0,1,0
325,1282,0,1,0
325,1283,0,1,0
325,1284,0,1,0
325,1285,0,1,0
325,1286,0,1,0
325,1287,0,1,0
325,1288,0,1,0
325,1289,0,1,0
325,1290,0,1,0
325,1291,0,1,0
325,1292,0,1,0
325,1293,0,1,0
325,1294,0,0,0
325,1295,0,0,0
325,1296,0,0,0
325,1297,0,0,0
325,1298,0,0,0
325,1299,0,0,0
325,1300,0,1,0
325,1301,0,1,0
325,1302,0,1,0
325,1303,0,1,0
325,1304,0,1,0
325,1305,0,2,0
325,1306,0,2,0
325,1307,0,2,0
325,1308,0,2,0
325,1309,0,2,0
325,1310,0,2,1
325,1311,0,2,1
325,1312,0,2,1
325,1313,0,2,1
325,1314,0,2,1
325,1315,0,2,1
325,1316,0,2,1
325,1317,0,2,1
325,1318,0,1,0
325,1319,0,1,0
325,1320,0,1,0
325,1321,0,1,0
325,1322,0,1,0
325,1323,0,1,0
325,1324,0,1,0
325,1325,0,1,0
325,1326,0,1,0
325,1327,0,0,0
325,1328,0,4,2
325,1329,0,4,2
325,1330,0,4,2
325,1331,0,4,2
325,1332,0,4,2
325,1333,0,4,2
325,1334,0,4,2
325,1335,0,4,2
325,1336,0,2,0
325,1337,0,2,0
325,1338,0,2,0
325,1339,0,2,0
325,1340,0,2,0
325,1341,0,2,0
325,1342,0,2,0
325,1343,0,2,0
325,1344,0,1,0
325,1345,0,1,0
326,576,0,0,0
326,577,0,4,0
326,1344,0,1,0
326,1345,0,2,0
327,576,0,1,0
327,577,0,4,0
327,1344,0,3,0
327,1345,0,1,0
328,576,0,3,0
328,577,0,1,0
328,1344,0,1,0
328,1345,0,1,0
329,576,0,3,0
329,577,0,1,0
329,1344,0,1,0
329,1345,0,1,0
330,576,0,3,0
330,577,0,1,0
330,1344,0,1,0
330,1345,0,1,0
331,576,0,3,0
331,577,0,1,0
331,1344,0,1,0
331,1345,0,1,0
332,576,0,3,0
332,577,0,1,0
332,1344,0,1,0
332,1345,0,1,0
333,576,0,3,0
333,577,0,1,0
333,1344,0,1,0
333,1345,0,1,0
334,576,0,3,0
334,577,0,1,0
334,1344,0,1,0
334,1345,0,1,0
335,576,0,3,0
335,577,0,1,0
335,1344,0,1,0
335,1345,0,1,0
336,576,0,2,1
336,577,0,2,1
336,1344,0,1,0
336,1345,0,1,0
337,576,0,2,1
337,577,0,2,1
337,1344,0,1,0
337,1345,0,1,0
338,576,0,2,1
338,577,0,2,1
338,1344,0,1,0
338,1345,0,1,0
339,576,0,2,1
339,577,0,2,1
339,1344,0,1,0
339,1345,0,1,0
340,576,0,2,1
340,577,0,2,1
340,1344,0,1,0
340,1345,0,1,0
341,576,0,2,1
341,577,0,2,1
341,1344,0,1,0
341,1345,0,1,0
342,576,0,2,1
342,577,0,2,1
342,1344,0,1,0
342,1345,0,1,0
343,576,0,2,1
343,577,0,2,1
343,1344,0,1,0
343,1345,0,1,0
344,576,0,2,1
344,577,0,2,1
344,1344,0,0,0
344,1345,0,0,0
345,576,0,2,1
345,577,0,2,1
345,1344,0,0,0
345,1345,0,0,0
346,576,0,2,1
346,577,0,2,1
346,1344,0,1,0
346,1345,0,1,0
347,576,0,2,1
347,577,0,2,1
347,1344,0,1,0
347,1345,0,1,0
348,576,0,2,1
348,577,0,2,1
348,1344,0,1,0
348,1345,0,1,0
349,576,0,2,1
349,577,0,2,1
349,1344,0,1,0
349,1345,0,1,0
350,576,0,2,1
350,577,0,2,1
350,1344,0,3,1
350,1345,0,2,0
351,576,0,2,1
351,577,0,2,1
351,1344,0,3,1
351,1345,0,2,0
352,576,0,2,0
352,577,0,1,0
352,1344,0,1,0
352,1345,0,1,0
353,576,0,2,0
353,577,0,0,0
353,1344,0,1,0
353,1345,0,1,0
354,576,0,2,0
354,577,0,0,0
354,1344,0,1,0
354,1345,0,1,0
355,576,0,2,0
355,577,0,0,0
355,1344,0,1,0
355,1345,0,1,0
356,576,0,2,0
356,577,0,0,0
356,1344,0,1,0
356,1345,0,1,0
357,576,0,2,0
357,577,0,0,0
357,1344,0,1,0
357,1345,0,1,0
358,576,0,2,0
358,577,0,0,0
358,1344,0,1,0
358,1345,0,1,0
359,576,0,2,0
359,577,0,0,0
359,1344,0,1,0
359,1345,0,1,0
360,576,0,2,0
360,577,0,0,0
360,1344,0,0,0
360,1345,0,0,0
361,576,0,2,0
361,577,0,0,0
361,1344,0,0,0
361,1345,0,0,0
362,576,0,2,0
362,577,0,0,0
362,1344,0,1,0
362,1345,0,1,0
363,576,0,2,0
363,577,0,0,0
363,1344,0,1,0
363,1345,0,1,0
364,576,0,2,0
364,577,0,0,0
364,1344,0,1,0
364,1345,0,1,0
365,576,0,2,0
365,577,0,0,0
365,1344,0,1,0
365,1345,0,1,0
366,576,0,2,0
366,577,0,0,0
366,1344,0,3,1
366,1345,0,2,0
367,576,0,2,0
367,577,0,0,0
367,1344,0,3,1
367,1345,0,2,0
368,576,0,2,0
368,577,0,1,0
368,1344,0,3,1
368,1345,0,2,0
369,576,0,2,0
369,577,0,1,0
369,1344,0,3,1
369,1345,0,2,0
370,576,0,2,0
370,577,0,1,0
370,1344,0,3,1
370,1345,0,2,0
371,576,0,2,0
371,577,0,1,0
371,1344,0,3,1
371,1345,0,2,0
372,576,0,2,0
372,577,0,1,0
372,1344,0,3,1
372,1345,0,2,0
373,576,0,2,0
373,577,0,1,0
373,1344,0,3,1
373,1345,0,2,0
374,576,0,2,0
374,577,0,1,0
374,1344,0,3,1
374,1345,0,2,0
375,576,0,2,0
375,577,0,0,0
375,1344,0,3,1
375,1345,0,2,0
376,576,0,2,0
376,577,0,0,0
376,1344,0,3,1
376,1345,0,2,0
377,576,0,2,0
377,577,0,0,0
377,1344,0,3,1
377,1345,0,2,0
378,576,0,2,0
378,577,0,0,0
378,1344,0,3,1
378,1345,0,2,0
379,576,0,2,0
379,577,0,0,0
379,1344,0,3,1
379,1345,0,2,0
380,576,0,2,0
380,577,0,0,0
380,1344,0,3,1
380,1345,0,2,0
381,576,0,2,0
381,577,0,0,0
381,1344,0,3,1
381,1345,0,2,0
382,576,0,2,0
382,577,0,0,0
382,1344,0,3,1
382,1345,0,2,0
383,576,0,2,0
383,577,0,1,0
383,1344,0,3,1
383,1345,0,2,0
384,576,0,2,0
384,577,0,1,0
384,1344,0,3,0
384,1345,0,2,0
385,576,0,2,0
385,577,0,1,0
385,1344,0,3,0
385,1345,0,2,0
386,576,0,2,0
386,577,0,1,0
386,1344,0,3,0
386,1345,0,2,0
387,576,0,2,0
387,577,0,1,0
387,1344,0,3,0
387,1345,0,2,0
388,576,0,2,0
388,577,0,1,0
388,1344,0,2,3
388,1345,0,1,2
389,576,0,2,0
389,577,0,1,0
389,1344,0,2,3
389,1345,0,1,2
390,576,0,2,0
390,577,0,1,0
390,1344,0,3,1
390,1345,0,2,0
391,576,0,3,0
391,577,0,1,0
391,1344,0,3,1
391,1345,0,2,0
392,576,0,3,0
392,577,0,1,0
392,1344,0,3,0
392,1345,0,2,0
393,576,0,3,0
393,577,0,1,0
393,1344,0,3,0
393,1345,0,2,0
394,576,0,3,0
394,577,0,1,0
394,1344,0,4,0
394,1345,0,3,0
395,576,0,3,0
395,577,0,1,0
395,1344,0,4,0
395,1345,0,3,0
396,576,0,3,0
396,577,0,1,0
396,1344,0,3,0
396,1345,0,2,0
397,576,0,3,0
397,577,0,1,0
397,1344,0,3,0
397,1345,0,2,0
398,576,0,2,0
398,577,0,0,0
398,1344,0,3,1
398,1345,0,2,0
399,576,0,0,0
399,577,0,0,0
399,1344,0,3,1
399,1345,0,2,0
400,576,0,0,0
400,577,0,0,0
400,1344,0,2,2
400,1345,0,1,1
401,576,0,0,0
401,577,0,0,0
401,1344,0,2,2
401,1345,0,1,1
402,576,0,0,0
402,577,0,0,0
402,1344,0,2,2
402,1345,0,1,1
403,576,0,0,0
403,577,0,0,0
403,1344,0,2,2
403,1345,0,1,1
404,576,0,0,0
404,577,0,0,0
404,1344,0,2,2
404,1345,0,1,1
405,576,0,0,0
405,577,0,0,0
405,1344,0,2,2
405,1345,0,1,1
406,576,0,0,0
406,577,0,0,0
406,1344,0,2,2
406,1345,0,1,1
407,576,0,0,0
407,577,0,0,0
407,1344,0,2,2
407,1345,0,1,1
408,576,0,0,0
408,577,0,0,0
408,1344,0,1,1
408,1345,0,0,0
409,576,0,0,0
409,577,0,0,0
409,1344,0,1,1
409,1345,0,0,0
410,576,0,0,0
410,577,0,0,0
410,1344,0,1,1
410,1345,0,0,0
411,576,0,0,0
411,577,0,0,0
411,1344,0,1,1
411,1345,0,0,0
412,576,0,0,0
412,577,0,0,0
412,1344,0,1,1
412,1345,0,0,0
413,576,0,0,0
413,577,0,0,0
413,1344,0,1,1
413,1345,0,0,0
414,576,0,0,0
414,577,0,0,0
414,1344,0,1,1
414,1345,0,0,0
415,576,0,0,0
415,577,0,0,0
415,1344,0,1,1
415,1345,0,0,0
416,576,0,2,0
416,577,0,0,0
416,1344,0,1,0
416,1345,0,0,0
417,576,0,2,0
417,577,0,0,0
417,1344,0,1,0
417,1345,0,0,0
418,576,0,2,0
418,577,0,0,0
418,1344,0,1,0
418,1345,0,0,0
419,576,0,2,0
419,577,0,0,0
419,1344,0,1,0
419,1345,0,0,0
420,576,0,2,0
420,577,0,0,0
420,1344,0,1,0
420,1345,0,0,0
421,576,0,2,0
421,577,0,0,0
421,1344,0,1,0
421,1345,0,0,0
422,576,0,2,0
422,577,0,0,0
422,1344,0,1,0
422,1345,0,0,0
423,576,0,2,0
423,577,0,0,0
423,1344,0,1,0
423,1345,0,0,0
424,576,0,2,0
424,577,0,0,0
424,1344,0,1,0
424,1345,0,0,0
425,576,0,2,0
425,577,0,0,0
425,1344,0,1,0
425,1345,0,0,0
426,576,0,2,0
426,577,0,0,0
426,1344,0,1,0
426,1345,0,0,0
427,576,0,2,0
427,577,0,0,0
427,1344,0,1,0
427,1345,0,0,0
428,576,0,2,0
428,577,0,0,0
428,1344,0,1,0
428,1345,0,0,0
429,576,0,2,0
429,577,0,0,0
429,1344,0,1,0
429,1345,0,0,0
430,576,0,2,0
430,577,0,0,0
430,1344,0,1,0
430,1345,0,0,0
431,576,0,2,0
431,577,0,0,0
431,1344,0,1,0
431,1345,0,0,0
540,384,0,2,0
540,385,0,2,0
540,386,0,2,0
540,387,0,2,0
540,388,0,2,0
540,389,0,2,0
540,390,0,2,0
540,391,0,2,0
540,392,0,2,0
540,393,0,2,0
540,394,0,2,0
540,395,0,2,0
540,396,0,2,0
540,397,0,2,0
540,398,0,2,0
540,399,0,2,0
540,400,0,2,0
540,401,0,2,0
540,402,0,2,0
540,403,0,2,0
540,404,0,2,0
540,405,0,2,0
540,406,0,2,0
540,407,0,2,0
540,408,0,2,0
540,409,0,2,0
540,410,0,2,0
540,411,0,2,0
540,412,0,2,0
540,413,0,2,0
540,414,0,2,0
540,415,0,2,0
540,416,0,0,0
540,417,0,0,0
540,418,0,0,0
540,419,0,0,0
540,420,0,0,0
540,421,0,0,0
540,422,0,0,0
540,423,0,0,0
540,424,0,0,0
540,425,0,0,0
540,426,0,0,0
540,427,0,0,0
540,428,0,0,0
540,429,0,0,0
540,430,0,0,0
540,431,0,0,0
540,432,0,0,0
540,433,0,0,0
540,434,0,0,0
540,435,0,0,0
540,436,0,0,0
540,437,0,0,0
540,438,0,0,0
540,439,0,0,0
540,440,0,0,0
540,441,0,0,0
540,442,0,0,0
540,443,0,0,0
540,444,0,0,0
540,445,0,0,0
540,446,0,0,0
540,447,0,0,0
540,448,0,0,0
540,449,0,0,0
540,450,0,0,0
540,451,0,0,0
540,452,0,0,0
540,453,0,0,0
540,454,0,0,0
540,455,0,0,0
540,456,0,1,0
540,457,0,1,0
540,458,0,1,0
540,459,0,1,0
540,460,0,1,0
540,461,0,1,0
540,462,0,1,0
540,463,0,1,0
540,464,0,0,0
540,465,0,0,0
540,466,0,0,0
540,467,0,0,0
540,468,0,0,0
540,469,0,0,0
540,470,0,0,0
540,471,0,0,0
540,472,0,1,0
540,473,0,1,0
540,474,0,1,0
540,475,0,1,0
540,476,0,1,0
540,477,0,1,0
540,478,0,1,0
540,479,0,1,0
540,480,0,2,0
540,481,0,2,0
540,482,0,2,0
540,483,0,2,0
540,484,0,2,0
540,485,0,2,0
540,486,0,1,0
540,487,0,1,0
540,488,0,2,0
540,489,0,2,0
540,490,0,2,0
540,491,0,2,0
540,492,0,2,0
540,493,0,2,0
540,494,0,3,0
540,495,0,3,0
540,496,0,2,0
540,497,0,2,0
540,498,0,2,0
540,499,0,2,0
540,500,0,2,0
540,501,0,2,0
540,502,0,2,0
540,503,0,2,0
540,504,0,2,0
540,505,0,2,0
540,506,0,2,0
540,507,0,2,0
540,508,0,2,0
540,509,0,2,0
540,510,0,2,0
540,511,0,2,0
540,512,0,3,0
540,513,0,3,0
540,514,0,3,0
540,515,0,3,0
540,516,0,3,0
540,517,0,3,0
540,518,0,3,0
540,519,0,3,0
540,520,0,3,0
540,521,0,2,0
540,522,0,2,0
540,523,0,2,0
540,524,0,2,0
540,525,0,2,0
540,526,0,2,0
540,527,0,2,0
540,528,0,1,0
540,529,0,1,0
540,530,0,1,0
540,531,0,1,0
540,532,0,1,0
540,533,0,1,0
540,534,0,1,0
540,535,0,1,0
540,536,0,1,0
540,537,0,1,0
540,538,0,1,0
540,539,0,1,0
540,540,0,1,0
540,541,0,1,0
540,542,0,1,0
540,543,0,1,0
540,544,0,1,0
540,545,0,1,0
540,546,0,1,0
540,547,0,1,0
540,548,0,1,0
540,549,0,1,0
540,550,0,1,0
540,551,0,1,0
540,552,0,1,0
540,553,0,1,0
540,554,0,1,0
540,555,0,1,0
540,556,0,1,0
540,557,0,1,0
540,558,0,1,0
540,559,0,1,0
540,560,0,1,0
540,561,0,1,0
540,562,0,1,0
540,563,0,1,0
540,564,0,1,0
540,565,0,1,0
540,566,0,1,0
540,567,0,1,0
540,568,0,1,0
540,569,0,1,0
540,570,0,1,0
540,571,0,1,0
540,572,0,1,0
540,573,0,1,0
540,574,0,1,0
540,575,0,1,0
540,1344,0,0,0
540,1345,0,0,0
540,1346,0,0,0
540,1347,0,0,0
540,1348,0,0,0
540,1349,0,0,0
540,1350,0,0,0
540,1351,0,0,0
540,1352,0,0,0
540,1353,0,0,0
540,1354,0,0,0
540,1355,0,0,0
540,1356,0,0,0
540,1357,0,0,0
540,1358,0,0,0
540,1359,0,0,0
540,1360,0,2,0
540,1361,0,2,0
540,1362,0,2,0
540,1363,0,2,0
540,1364,0,2,0
540,1365,0,2,0
540,1366,0,2,0
540,1367,0,2,0
540,1368,0,2,0
540,1369,0,2,0
540,1370,0,2,0
540,1371,0,2,0
540,1372,0,2,0
540,1373,0,2,0
540,1374,0,2,0
540,1375,0,2,0
540,1376,0,0,0
540,1377,0,0,0
540,1378,0,0,0
540,1379,0,0,0
540,1380,0,0,0
540,1381,0,0,0
540,1382,0,0,0
540,1383,0,0,0
540,1384,0,0,0
540,1385,0,0,0
540,1386,0,0,0
540,1387,0,0,0
540,1388,0,0,0
540,1389,0,0,0
540,1390,0,0,0
540,1391,0,0,0
540,1392,0,0,0
540,1393,0,0,0
540,1394,0,0,0
540,1395,0,0,0
540,1396,0,0,0
540,1397,0,0,0
540,1398,0,0,0
540,1399,0,0,0
540,1400,0,0,0
540,1401,0,0,0
540,1402,0,0,0
540,1403,0,0,0
540,1404,0,0,0
540,1405,0,0,0
540,1406,0,0,0
540,1407,0,0,0
540,1408,0,0,0
540,1409,0,0,0
540,1410,0,0,0
540,1411,0,0,0
540,1412,0,0,0
540,1413,0,0,0
540,1414,0,0,0
540,1415,0,0,0
540,1416,0,1,0
540,1417,0,1,0
540,1418,0,1,0
540,1419,0,1,0
540,1420,0,1,0
540,1421,0,1,0
540,1422,0,1,0
540,1423,0,1,0
540,1424,0,1,0
540,1425,0,1,0
540,1426,0,1,0
540,1427,0,1,0
540,1428,0,1,0
540,1429,0,1,0
540,1430,0,1,0
540,1431,0,1,0
540,1432,0,0,0
540,1433,0,0,0
540,1434,0,0,0
540,1435,0,0,0
540,1436,0,0,0
540,1437,0,0,0
540,1438,0,0,0
540,1439,0,0,0
540,1440,1,1,0
540,1441,1,1,0
540,1442,1,1,0
540,1443,1,1,0
540,1444,1,1,0
540,1445,1,1,0
540,1446,1,1,0
540,1447,1,1,0
540,1448,1,1,0
540,1449,1,1,0
540,1450,1,1,0
540,1451,1,1,0
540,1452,1,1,0
540,1453,1,1,0
540,1454,1,1,0
540,1455,1,1,0
540,1456,0,0,0
540,1457,0,0,0
540,1458,0,0,0
540,1459,0,0,0
540,1460,0,0,0
540,1461,0,0,0
540,1462,0,0,0
540,1463,0,0,0
540,1464,0,0,0
540,1465,0,0,0
540,1466,0,0,0
540,1467,0,0,0
540,1468,0,0,0
540,1469,0,0,0
540,1470,0,0,0
540,1471,0,0,0
540,1472,0,3,0
540,1473,0,3,0
540,1474,0,3,0
540,1475,0,3,0
540,1476,0,3,0
540,1477,0,3,0
540,1478,0,3,0
540,1479,0,3,0
540,1480,0,3,0
540,1481,0,3,0
540,1482,0,3,0
540,1483,0,3,0
540,1484,0,3,0
540,1485,0,3,0
540,1486,0,3,0
540,1487,0,3,0
540,1488,0,2,0
540,1489,0,2,0
540,1490,0,2,0
540,1491,0,2,0
540,1492,0,2,0
540,1493,0,2,0
540,1494,0,2,0
540,1495,0,2,0
540,1496,0,2,0
540,1497,0,2,0
540,1498,0,2,0
540,1499,0,2,0
540,1500,0,2,0
540,1501,0,2,0
540,1502,0,2,0
540,1503,0,2,0
540,1504,0,1,0
540,1505,0,1,0
540,1506,0,1,0
540,1507,0,1,0
540,1508,0,1,0
540,1509,0,1,0
540,1510,0,1,0
540,1511,0,1,0
540,1512,0,1,0
540,1513,0,1,0
540,1514,0,1,0
540,1515,0,1,0
540,1516,0,1,0
540,1517,0,1,0
540,1518,0,1,0
540,1519,0,1,0
540,1520,0,0,0
540,1521,0,0,0
540,1522,0,0,0
540,1523,0,0,0
540,1524,0,0,0
540,1525,0,0,0
540,1526,0,0,0
540,1527,0,0,0
540,1528,0,0,0
540,1529,0,0,0
540,1530,0,0,0
540,1531,0,0,0
540,1532,0,0,0
540,1533,0,0,0
540,1534,0,0,0
540,1535,0,0,0
541,384,0,3,1
541,385,0,3,1
541,386,0,3,1
541,387,0,3,1
541,388,0,3,1
541,389,0,3,1
541,390,0,3,1
541,391,0,3,1
541,392,0,3,1
541,393,0,3,1
541,394,0,3,1
541,395,0,3,1
541,396,0,3,1
541,397,0,3,1
541,398,0,3,1
541,399,0,3,1
541,400,0,3,1
541,401,0,3,1
541,402,0,3,1
541,403,0,3,1
541,404,0,3,1
541,405,0,3,1
541,406,0,3,1
541,407,0,3,1
541,408,0,3,1
541,409,0,3,1
541,410,0,3,1
541,411,0,3,1
541,412,0,3,1
541,413,0,3,1
541,414,0,3,1
541,415,0,3,1
541,416,0,0,0
541,417,0,0,0
541,418,0,0,0
541,419,0,0,0
541,420,0,0,0
541,421,0,0,0
541,422,0,0,0
541,423,0,0,0
541,424,0,0,0
541,425,0,0,0
541,426,0,0,0
541,427,0,0,0
541,428,0,0,0
541,429,0,0,0
541,430,0,0,0
541,431,0,0,0
541,432,0,0,0
541,433,0,0,0
541,434,0,0,0
541,435,0,0,0
541,436,0,0,0
541,437,0,0,0
541,438,0,0,0
541,439,0,0,0
541,440,0,0,0
541,441,0,0,0
541,442,0,0,0
541,443,0,0,0
541,444,0,0,0
541,445,0,0,0
541,446,0,0,0
541,447,0,0,0
541,448,0,2,0
541,449,0,2,0
541,450,0,2,0
541,451,0,2,0
541,452,0,2,0
541,453,0,2,0
541,454,0,2,0
541,455,0,2,0
541,456,0,0,0
541,457,0,0,0
541,458,0,0,0
541,459,0,0,0
541,460,0,0,0
541,461,0,0,0
541,462,0,0,0
541,463,0,0,0
541,464,0,0,0
541,465,0,0,0
541,466,0,0,0
541,467,0,0,0
541,468,0,0,0
541,469,0,0,0
541,470,0,0,0
541,471,0,0,0
541,472,0,0,0
541,473,0,0,0
541,474,0,0,0
541,475,0,0,0
541,476,0,0,0
541,477,0,0,0
541,478,0,0,0
541,479,0,0,0
541,480,0,0,0
541,481,0,0,0
541,482,0,0,0
541,483,0,0,0
541,484,0,0,0
541,485,0,0,0
541,486,0,0,0
541,487,0,2,0
541,488,0,4,0
541,489,0,4,0
541,490,0,4,0
541,491,0,4,0
541,492,0,4,0
541,493,0,4,0
541,494,0,4,0
541,495,0,4,0
541,496,0,3,0
541,497,0,3,0
541,498,0,3,0
541,499,0,3,0
541,500,0,3,0
541,501,0,3,0
541,502,0,3,0
541,503,0,3,0
541,504,0,3,0
541,505,0,3,0
541,506,0,3,0
541,507,0,3,0
541,508,0,3,0
541,509,0,3,0
541,510,0,3,0
541,511,0,3,0
541,512,0,4,0
541,513,0,4,0
541,514,0,4,0
541,515,0,4,0
541,516,0,4,0
541,517,0,4,0
541,518,0,4,0
541,519,0,4,0
541,520,0,3,0
541,521,0,3,0
541,522,0,3,0
541,523,0,3,0
541,524,0,3,0
541,525,0,3,0
541,526,0,3,0
541,527,0,3,0
541,528,0,3,0
541,529,0,3,0
541,530,0,3,0
541,531,0,3,0
541,532,0,3,0
541,533,0,3,0
541,534,0,3,0
541,535,0,2,0
541,536,0,2,0
541,537,0,2,0
541,538,0,2,0
541,539,0,2,0
541,540,0,2,0
541,541,0,2,0
541,542,0,2,0
541,543,0,1,0
541,544,0,3,0
541,545,0,3,0
541,546,0,3,0
541,547,0,3,0
541,548,0,3,0
541,549,0,3,0
541,550,0,3,0
541,551,0,3,0
541,552,0,2,0
541,553,0,2,0
541,554,0,2,0
541,555,0,2,0
541,556,0,2,0
541,557,0,2,0
541,558,0,2,0
541,559,0,2,0
541,560,0,0,0
541,561,0,0,0
541,562,0,0,0
541,563,0,0,0
541,564,0,0,0
541,565,0,0,0
541,566,0,0,0
541,567,0,0,0
541,568,0,0,0
541,569,0,0,0
541,570,0,0,0
541,571,0,0,0
541,572,0,0,0
541,573,0,0,0
541,574,0,0,0
541,575,0,0,0
541,1344,0,0,0
541,1345,0,0,0
541,1346,0,0,0
541,1347,0,0,0
541,1348,0,0,0
541,1349,0,0,0
541,1350,0,0,0
541,1351,0,0,0
541,1352,0,0,0
541,1353,0,0,0
541,1354,0,0,0
541,1355,0,0,0
541,1356,0,0,0
541,1357,0,0,0
541,1358,0,0,0
541,1359,0,0,0
541,1360,0,2,0
541,1361,0,2,0
541,1362,0,2,0
541,1363,0,2,0
541,1364,0,2,0
541,1365,0,2,0
541,1366,0,2,0
541,1367,0,2,0
541,1368,0,2,0
541,1369,0,2,0
541,1370,0,2,0
541,1371,0,2,0
541,1372,0,2,0
541,1373,0,2,0
541,1374,0,2,0
541,1375,0,2,0
541,1376,0,0,0
541,1377,0,0,0
541,1378,0,0,0
541,1379,0,0,0
541,1380,0,0,0
541,1381,0,0,0
541,1382,0,0,0
541,1383,0,0,0
541,1384,0,0,0
541,1385,0,0,0
541,1386,0,0,0
541,1387,0,0,0
541,1388,0,0,0
541,1389,0,0,0
541,1390,0,0,0
541,1391,0,0,0
541,1392,0,0,0
541,1393,0,0,0
541,1394,0,0,0
541,1395,0,0,0
541,1396,0,0,0
541,1397,0,0,0
541,1398,0,0,0
541,1399,0,0,0
541,1400,0,0,0
541,1401,0,0,0
541,1402,0,0,0
541,1403,0,0,0
541,1404,0,0,0
541,1405,0,0,0
541,1406,0,0,0
541,1407,0,0,0
541,1408,0,0,0
541,1409,0,0,0
541,1410,0,0,0
541,1411,0,0,0
541,1412,0,0,0
541,1413,0,0,0
541,1414,0,0,0
541,1415,0,0,0
541,1416,0,0,0
541,1417,0,0,0
541,1418,0,0,0
541,1419,0,0,0
541,1420,0,0,0
541,1421,0,0,0
541,1422,0,0,0
541,1423,0,0,0
541,1424,0,0,0
541,1425,0,0,0
541,1426,0,0,0
541,1427,0,0,0
541,1428,0,0,0
541,1429,0,0,0
541,1430,0,0,0
541,1431,0,0,0
541,1432,0,0,0
541,1433,0,0,0
541,1434,0,0,0
541,1435,0,0,0
541,1436,0,0,0
541,1437,0,0,0
541,1438,0,0,0
541,1439,0,0,0
541,1440,0,0,0
541,1441,0,0,0
541,1442,0,0,0
541,1443,0,0,0
541,1444,0,0,0
541,1445,0,0,0
541,1446,0,0,0
541,1447,0,0,0
541,1448,0,0,0
541,1449,0,0,0
541,1450,0,0,0
541,1451,0,0,0
541,1452,0,0,0
541,1453,0,0,0
541,1454,0,0,0
541,1455,0,0,0
541,1456,0,1,0
541,1457,0,1,0
541,1458,0,1,0
541,1459,0,1,0
541,1460,0,1,0
541,1461,0,1,0
541,1462,0,1,0
541,1463,0,1,0
541,1464,0,1,0
541,1465,0,1,0
541,1466,0,1,0
541,1467,0,1,0
541,1468,0,1,0
541,1469,0,1,0
541,1470,0,1,0
541,1471,0,1,0
541,1472,0,2,0
541,1473,0,2,0
541,1474,0,2,0
541,1475,0,2,0
541,1476,0,2,0
541,1477,0,2,0
541,1478,0,2,0
541,1479,0,2,0
541,1480,0,2,0
541,1481,0,2,0
541,1482,0,2,0
541,1483,0,2,0
541,1484,0,2,0
541,1485,0,2,0
541,1486,0,2,0
541,1487,0,2,0
541,1488,0,3,1
541,1489,0,3,1
541,1490,0,3,1
541,1491,0,3,1
541,1492,0,3,1
541,1493,0,3,1
541,1494,0,3,1
541,1495,0,3,1
541,1496,0,3,1
541,1497,0,3,1
541,1498,0,3,1
541,1499,0,3,1
541,1500,0,3,1
541,1501,0,3,1
541,1502,0,3,1
541,1503,0,3,1
541,1504,0,2,1
541,1505,0,2,1
541,1506,0,2,1
541,1507,0,2,1
541,1508,0,2,1
541,1509,0,2,1
541,1510,0,2,1
541,1511,0,2,1
541,1512,0,2,1
541,1513,0,2,1
541,1514,0,2,1
541,1515,0,2,1
541,1516,0,2,1
541,1517,0,2,1
541,1518,0,2,1
541,1519,0,2,1
541,1520,0,0,0
541,1521,0,0,0
541,1522,0,0,0
541,1523,0,0,0
541,1524,0,0,0
541,1525,0,0,0
541,1526,0,0,0
541,1527,0,0,0
541,1528,0,0,0
541,1529,0,0,0
541,1530,0,0,0
541,1531,0,0,0
541,1532,0,0,0
541,1533,0,0,0
541,1534,0,0,0
541,1535,0,0,0
648,576,0,0,0
648,577,0,1,0
648,1344,0,0,0
648,1345,0,1,0
649,576,0,0,0
649,577,0,1,0
649,1344,0,0,0
649,1345,0,1,0
650,576,0,0,0
650,577,0,1,0
650,1344,0,0,0
650,1345,0,1,0
651,576,0,0,0
651,577,0,1,0
651,1344,0,0,0
651,1345,0,1,0
652,576,0,0,0
652,577,0,1,0
652,1344,0,0,0
652,1345,0,1,0
653,576,0,0,0
653,577,0,1,0
653,1344,0,0,0
653,1345,0,1,0
654,576,0,0,0
654,577,0,1,0
654,1344,0,0,0
654,1345,0,1,0
655,576,0,0,0
655,577,0,1,0
655,1344,0,0,0
655,1345,0,1,0
656,576,0,0,0
656,577,0,0,0
656,1344,0,2,0
656,1345,0,3,1
657,576,0,0,0
657,577,0,0,0
657,1344,0,2,0
657,1345,0,3,1
658,576,0,0,0
658,577,0,0,0
658,1344,0,2,0
658,1345,0,3,1
659,576,0,0,0
659,577,0,0,0
659,1344,0,2,0
659,1345,0,3,1
660,576,0,0,0
660,577,0,0,0
660,1344,0,2,0
660,1345,0,3,1
661,576,0,0,0
661,577,0,0,0
661,1344,0,2,0
661,1345,0,3,1
662,576,0,0,0
662,577,0,0,0
662,1344,0,2,0
662,1345,0,3,1
663,576,0,0,0
663,577,0,0,0
663,1344,0,2,0
663,1345,0,3,1
664,576,0,0,0
664,577,0,0,0
664,1344,0,3,1
664,1345,0,3,1
665,576,0,0,0
665,577,0,0,0
665,1344,0,3,1
665,1345,0,3,1
666,576,0,0,0
666,577,0,0,0
666,1344,0,3,1
666,1345,0,3,1
667,576,0,0,0
667,577,0,0,0
667,1344,0,3,1
667,1345,0,3,1
668,576,0,0,0
668,577,0,0,0
668,1344,0,3,1
668,1345,0,3,1
669,576,0,0,0
669,577,0,0,0
669,1344,0,3,1
669,1345,0,3,1
670,576,0,0,0
670,577,0,0,0
670,1344,0,3,1
670,1345,0,3,1
671,576,0,0,0
671,577,0,0,0
671,1344,0,3,1
671,1345,0,3,1
672,576,0,0,0
672,577,0,0,0
672,1344,0,1,0
672,1345,0,0,0
673,576,0,0,0
673,577,0,0,0
673,1344,0,1,0
673,1345,0,0,0
674,576,0,0,0
674,577,0,0,0
674,1344,0,1,0
674,1345,0,0,0
675,576,0,0,0
675,577,0,0,0
675,1344,0,1,0
675,1345,0,0,0
676,576,0,0,0
676,577,0,0,0
676,1344,0,1,0
676,1345,0,0,0
677,576,0,0,0
677,577,0,0,0
677,1344,0,1,0
677,1345,0,0,0
678,576,0,0,0
678,577,0,0,0
678,1344,0,1,0
678,1345,0,0,0
679,576,0,0,0
679,577,0,0,0
679,1344,0,1,0
679,1345,0,0,0
680,576,0,0,0
680,577,0,0,0
680,1344,0,1,0
680,1345,0,0,0
681,576,0,0,0
681,577,0,0,0
681,1344,0,1,0
681,1345,0,0,0
682,576,0,0,0
682,577,0,0,0
682,1344,0,1,0
682,1345,0,0,0
683,576,0,0,0
683,577,0,0,0
683,1344,0,1,0
683,1345,0,0,0
684,576,0,0,0
684,577,0,0,0
684,1344,0,1,0
684,1345,0,0,0
685,576,0,0,0
685,577,0,0,0
685,1344,0,1,0
685,1345,0,0,0
686,576,0,0,0
686,577,0,0,0
686,1344,0,1,0
686,1345,0,0,0
687,576,0,0,0
687,577,0,0,0
687,1344,0,1,0
687,1345,0,0,0
688,576,0,0,0
688,577,0,0,0
688,1344,0,1,0
688,1345,0,0,0
689,576,0,0,0
689,577,0,0,0
689,1344,0,1,0
689,1345,0,0,0
690,576,0,0,0
690,577,0,0,0
690,1344,0,1,0
690,1345,0,0,0
691,576,0,0,0
691,577,0,0,0
691,1344,0,1,0
691,1345,0,0,0
692,576,0,0,0
692,577,0,0,0
692,1344,0,1,0
692,1345,0,0,0
693,576,0,0,0
693,577,0,0,0
693,1344,0,1,0
693,1345,0,0,0
694,576,0,0,0
694,577,0,0,0
694,1344,0,1,0
694,1345,0,0,0
695,576,0,0,0
695,577,0,0,0
695,1344,0,1,0
695,1345,0,0,0
696,576,0,0,0
696,577,0,0,0
696,1344,0,1,0
696,1345,0,0,0
697,576,0,0,0
697,577,0,0,0
697,1344,0,1,0
697,1345,0,0,0
698,576,0,0,0
698,577,0,0,0
698,1344,0,1,0
698,1345,0,0,0
699,576,0,0,0
699,577,0,0,0
699,1344,0,1,0
699,1345,0,0,0
700,576,0,0,0
700,577,0,0,0
700,1344,0,1,0
700,1345,0,0,0
701,576,0,0,0
701,577,0,0,0
701,1344,0,1,0
701,1345,0,0,0
702,576,0,0,0
702,577,0,0,0
702,1344,0,1,0
702,1345,0,0,0
703,576,0,0,0
703,577,0,0,0
703,1344,0,1,0
703,1345,0,0,0
704,576,0,0,0
704,577,0,0,0
704,1344,0,1,0
704,1345,0,0,0
705,576,0,0,0
705,577,0,0,0
705,1344,0,1,0
705,1345,0,0,0
706,576,0,0,0
706,577,0,0,0
706,1344,0,1,0
706,1345,0,0,0
707,576,0,0,0
707,577,0,0,0
707,1344,0,1,0
707,1345,0,0,0
708,576,0,0,0
708,577,0,0,0
708,1344,0,1,0
708,1345,0,0,0
709,576,0,0,0
709,577,0,0,0
709,1344,0,1,0
709,1345,0,0,0
710,576,0,0,0
710,577,0,0,0
710,1344,0,1,0
710,1345,0,0,0
711,576,0,0,0
711,577,0,0,0
711,1344,0,1,0
711,1345,0,0,0
712,576,0,0,0
712,577,0,0,0
712,1344,0,1,0
712,1345,0,0,0
713,576,0,0,0
713,577,0,0,0
713,1344,0,1,0
713,1345,0,0,0
714,576,0,0,0
714,577,0,0,0
714,1344,0,1,0
714,1345,0,0,0
715,576,0,0,0
715,577,0,0,0
715,1344,0,1,0
715,1345,0,0,0
716,576,0,0,0
716,577,0,0,0
716,1344,0,1,0
716,1345,0,0,0
717,576,0,0,0
717,577,0,0,0
717,1344,0,1,0
717,1345,0,0,0
718,576,0,0,0
718,577,0,0,0
718,1344,0,1,0
718,1345,0,0,0
719,576,0,0,0
719,577,0,0,0
719,1344,0,1,0
719,1345,0,0,0
720,576,0,0,0
720,577,0,0,0
720,1344,0,1,0
720,1345,0,0,0
721,576,0,0,0
721,577,0,0,0
721,1344,0,1,0
721,1345,0,0,0
722,576,0,0,0
722,577,0,0,0
722,1344,0,1,0
722,1345,0,0,0
723,576,0,0,0
723,577,0,0,0
723,1344,0,1,0
723,1345,0,0,0
724,576,0,0,0
724,577,0,0,0
724,1344,0,1,0
724,1345,0,0,0
725,576,0,0,0
725,577,0,0,0
725,1344,0,1,0
725,1345,0,0,0
726,576,0,0,0
726,577,0,0,0
726,1344,0,1,0
726,1345,0,0,0
727,576,0,0,0
727,577,0,0,0
727,1344,0,1,0
727,1345,0,0,0
728,576,0,0,0
728,577,0,0,0
728,1344,0,1,0
728,1345,0,0,0
729,576,0,0,0
729,577,0,0,0
729,1344,0,1,0
729,1345,0,0,0
730,576,0,0,0
730,577,0,0,0
730,1344,0,1,0
730,1345,0,0,0
731,576,0,0,0
731,577,0,0,0
731,1344,0,1,0
731,1345,0,0,0
732,576,0,0,0
732,577,0,0,0
732,1344,0,1,0
732,1345,0,0,0
733,576,0,0,0
733,577,0,0,0
733,1344,0,1,0
733,1345,0,0,0
734,576,0,0,0
734,577,0,0,0
734,1344,0,1,0
734,1345,0,0,0
735,576,0,0,0
735,577,0,0,0
735,1344,0,1,0
735,1345,0,0,0
736,576,0,0,0
736,577,0,0,0
736,1344,0,1,0
736,1345,0,0,0
737,576,0,0,0
737,577,0,0,0
737,1344,0,1,0
737,1345,0,0,0
738,576,0,0,0
738,577,0,0,0
738,1344,0,1,0
738,1345,0,0,0
739,576,0,0,0
739,577,0,0,0
739,1344,0,1,0
739,1345,0,0,0
740,576,0,0,0
740,577,0,0,0
740,1344,0,1,0
740,1345,0,0,0
741,576,0,0,0
741,577,0,0,0
741,1344,0,1,0
741,1345,0,0,0
742,576,0,0,0
742,577,0,0,0
742,1344,0,1,0
742,1345,0,0,0
743,576,0,0,0
743,577,0,0,0
743,1344,0,1,0
743,1345,0,0,0
744,576,0,2,0
744,577,0,0,0
744,1344,0,1,0
744,1345,0,0,0
745,576,0,2,0
745,577,0,0,0
745,1344,0,1,0
745,1345,0,0,0
746,576,0,2,0
746,577,0,0,0
746,1344,0,1,0
746,1345,0,0,0
747,576,0,2,0
747,577,0,0,0
747,1344,0,1,0
747,1345,0,0,0
748,576,0,2,0
748,577,0,0,0
748,1344,0,1,0
748,1345,0,0,0
749,576,0,2,0
749,577,0,0,0
749,1344,0,1,0
749,1345,0,0,0
750,576,0,2,0
750,577,0,0,0
750,1344,0,1,0
750,1345,0,0,0
751,576,0,2,0
751,577,0,0,0
751,1344,0,1,0
751,1345,0,0,0
752,576,0,1,0
752,577,0,0,0
752,1344,0,0,0
752,1345,0,0,0
753,576,0,0,0
753,577,0,1,0
753,1344,0,0,0
753,1345,0,0,0
754,576,0,2,0
754,577,0,1,0
754,1344,0,0,0
754,1345,0,0,0
755,576,0,0,0
755,577,0,0,0
755,1344,0,0,0
755,1345,0,0,0
756,576,0,0,0
756,577,0,2,0
756,578,1,3,0
756,579,0,0,0
756,580,0,2,0
756,581,0,0,0
756,582,0,0,0
756,583,0,2,0
756,584,0,1,0
756,585,0,1,0
756,586,0,1,0
756,587,0,1,0
756,588,0,1,0
756,589,0,1,0
756,590,0,1,0
756,591,0,1,0
756,592,0,1,0
756,593,0,1,0
756,594,0,1,0
756,595,0,1,0
756,596,0,1,0
756,597,0,1,0
756,598,0,1,0
756,599,0,1,0
756,600,0,1,0
756,601,0,1,0
756,602,0,1,0
756,603,0,1,0
756,604,0,1,0
756,605,0,1,0
756,606,0,1,0
756,607,0,1,0
756,608,0,1,0
756,609,0,1,0
756,610,0,1,0
756,611,0,1,0
756,612,0,1,0
756,613,0,1,0
756,614,0,1,0
756,615,0,1,0
756,616,0,1,0
756,617,0,1,0
756,618,0,1,0
756,619,0,1,0
756,620,0,1,0
756,621,0,1,0
756,622,0,1,0
756,623,0,1,0
756,624,0,0,0
756,625,0,0,0
756,626,0,0,0
756,627,0,0,0
756,628,0,0,0
756,629,0,0,0
756,630,0,0,0
756,631,0,0,0
756,632,0,1,0
756,633,0,1,0
756,634,0,1,0
756,635,0,1,0
756,636,0,1,0
756,637,0,1,0
756,638,0,1,0
756,639,0,1,0
756,640,0,1,0
756,641,0,1,0
756,642,0,1,0
756,643,0,1,0
756,644,0,1,0
756,645,0,1,0
756,646,0,1,0
756,647,0,1,0
756,648,0,1,0
756,649,0,1,0
756,650,0,1,0
756,651,0,1,0
756,652,0,1,0
756,653,0,1,0
756,654,0,1,0
756,655,0,1,0
756,656,0,1,0
756,657,0,1,0
756,658,0,1,0
756,659,0,1,0
756,660,0,1,0
756,661,0,1,0
756,662,0,1,0
756,663,0,1,0
756,664,0,1,0
756,665,0,1,0
756,666,0,1,0
756,667,0,1,0
756,668,0,1,0
756,669,0,1,0
756,670,0,1,0
756,671,0,1,0
756,672,0,1,0
756,673,0,1,0
756,674,0,1,0
756,675,0,1,0
756,676,0,1,0
756,677,0,1,0
756,678,0,1,0
756,679,0,1,0
756,680,0,1,0
756,681,0,1,0
756,682,0,1,0
756,683,0,1,0
756,684,0,1,0
756,685,0,1,0
756,686,0,1,0
756,687,0,1,0
756,688,0,1,0
756,689,0,1,0
756,690,0,1,0
756,691,0,1,0
756,692,0,1,0
756,693,0,1,0
756,694,0,1,0
756,695,0,1,0
756,696,0,1,0
756,697,0,1,0
756,698,0,1,0
756,699,0,1,0
756,700,0,1,0
756,701,0,1,0
756,702,0,1,0
756,703,0,1,0
756,704,0,1,0
756,705,0,1,0
756,706,0,1,0
756,707,0,1,0
756,708,0,1,0
756,709,0,1,0
756,710,0,1,0
756,711,0,1,0
756,712,0,1,0
756,713,0,1,0
756,714,0,1,0
756,715,0,1,0
756,716,0,1,0
756,717,0,1,0
756,718,0,1,0
756,719,0,1,0
756,720,0,1,0
756,721,0,1,0
756,722,0,1,0
756,723,0,1,0
756,724,0,1,0
756,725,0,1,0
756,726,0,1,0
756,727,0,1,0
756,728,0,1,0
756,729,0,1,0
756,730,0,1,0
756,731,0,1,0
756,732,0,1,0
756,733,0,1,0
756,734,0,1,0
756,735,0,1,0
756,736,0,1,0
756,737,0,1,0
756,738,0,1,0
756,739,0,1,0
756,740,0,1,0
756,741,0,1,0
756,742,0,1,0
756,743,0,1,0
756,744,0,1,0
756,745,0,1,0
756,746,0,1,0
756,747,0,1,0
756,748,0,1,0
756,749,0,1,0
756,750,0,1,0
756,751,0,1,0
756,752,0,1,0
756,753,0,1,0
756,754,0,1,0
756,755,0,1,0
756,756,0,1,0
756,757,0,1,0
756,758,0,1,0
756,759,0,1,0
756,760,0,1,0
756,761,0,1,0
756,762,0,1,0
756,763,0,1,0
756,764,0,1,0
756,765,0,1,0
756,766,0,1,0
756,767,0,1,0
756,960,0,0,0
756,961,0,0,0
756,1152,0,1,0
756,1153,0,1,0
756,1154,0,1,0
756,1155,0,1,0
756,1156,0,1,0
756,1157,0,1,0
756,1158,0,1,0
756,1159,0,1,0
756,1160,0,1,0
756,1161,0,1,0
756,1162,0,1,0
756,1163,0,1,0
756,1164,0,1,0
756,1165,0,1,0
756,1166,0,1,0
756,1167,0,1,0
756,1168,0,1,0
756,1169,0,1,0
756,1170,0,1,0
756,1171,0,1,0
756,1172,0,1,0
756,1173,0,1,0
756,1174,0,1,0
756,1175,0,1,0
756,1176,0,1,0
756,1177,0,1,0
756,1178,0,1,0
756,1179,0,1,0
756,1180,0,1,0
756,1181,0,1,0
756,1182,0,1,0
756,1183,0,1,0
756,1184,0,1,0
756,1185,0,1,0
756,1186,0,1,0
756,1187,0,1,0
756,1188,0,1,0
756,1189,0,1,0
756,1190,0,1,0
756,1191,0,1,0
756,1192,0,1,0
756,1193,0,1,0
756,1194,0,1,0
756,1195,0,1,0
756,1196,0,1,0
756,1197,0,1,0
756,1198,0,1,0
756,1199,0,1,0
756,1200,0,1,0
756,1201,0,1,0
756,1202,0,1,0
756,1203,0,1,0
756,1204,0,1,0
756,1205,0,1,0
756,1206,0,1,0
756,1207,0,1,0
756,1208,0,1,0
756,1209,0,1,0
756,1210,0,1,0
756,1211,0,1,0
756,1212,0,1,0
756,1213,0,1,0
756,1214,0,1,0
756,1215,0,1,0
756,1216,0,1,0
756,1217,0,1,0
756,1218,0,1,0
756,1219,0,1,0
756,1220,0,1,0
756,1221,0,1,0
756,1222,0,1,0
756,1223,0,1,0
756,1224,0,1,0
756,1225,0,1,0
756,1226,0,1,0
756,1227,0,1,0
756,1228,0,1,0
756,1229,0,1,0
756,1230,0,1,0
756,1231,0,1,0
756,1232,0,1,0
756,1233,0,1,0
756,1234,0,1,0
756,1235,0,1,0
756,1236,0,1,0
756,1237,0,1,0
756,1238,0,1,0
756,1239,0,1,0
756,1240,0,1,0
756,1241,0,1,0
756,1242,0,1,0
756,1243,0,1,0
756,1244,0,1,0
756,1245,0,1,0
756,1246,0,1,0
756,1247,0,1,0
756,1248,0,0,0
756,1249,0,0,0
756,1250,0,0,0
756,1251,0,0,0
756,1252,0,0,0
756,1253,0,0,0
756,1254,0,0,0
756,1255,0,0,0
756,1256,0,0,0
756,1257,0,0,0
756,1258,0,0,0
756,1259,0,0,0
756,1260,0,0,0
756,1261,0,0,0
756,1262,0,0,0
756,1263,0,0,0
756,1264,0,0,0
756,1265,0,0,0
756,1266,0,0,0
756,1267,0,0,0
756,1268,0,0,0
756,1269,0,0,0
756,1270,0,0,0
756,1271,0,0,0
756,1272,0,0,0
756,1273,0,0,0
756,1274,0,0,0
756,1275,0,0,0
756,1276,0,0,0
756,1277,0,0,0
756,1278,0,0,0
756,1279,0,0,0
756,1280,0,0,0
756,1281,0,0,0
756,1282,0,0,0
756,1283,0,0,0
756,1284,0,0,0
756,1285,0,0,0
756,1286,0,0,0
756,1287,0,0,0
756,1288,0,0,0
756,1289,0,0,0
756,1290,0,0,0
756,1291,0,0,0
756,1292,0,0,0
756,1293,0,0,0
756,1294,0,0,0
756,1295,0,0,0
756,1296,0,0,0
756,1297,0,0,0
756,1298,0,0,0
756,1299,0,0,0
756,1300,0,0,0
756,1301,0,0,0
756,1302,0,0,0
756,1303,0,0,0
756,1304,0,0,0
756,1305,0,0,0
756,1306,0,0,0
756,1307,0,0,0
756,1308,0,0,0
756,1309,0,0,0
756,1310,0,0,0
756,1311,0,0,0
756,1312,0,0,0
756,1313,0,0,0
756,1314,0,0,0
756,1315,0,0,0
756,1316,0,0,0
756,1317,0,0,0
756,1318,0,0,0
756,1319,0,0,0
756,1320,0,0,0
756,1321,0,0,0
756,1322,0,0,0
756,1323,0,0,0
756,1324,0,0,0
756,1325,0,0,0
756,1326,0,0,0
756,1327,0,0,0
756,1328,0,0,0
756,1329,0,0,0
756,1330,0,0,0
756,1331,0,0,0
756,1332,0,0,0
756,1333,0,0,0
756,1334,0,0,0
756,1335,0,0,0
756,1336,0,0,0
756,1337,0,0,0
756,1338,0,0,0
756,1339,0,0,0
756,1340,0,0,0
756,1341,0,0,0
756,1342,0,0,0
756,1343,0,0,0
756,1344,130,132,132
756,1345,131,133,133
757,576,0,0,0
757,577,0,0,0
757,578,0,0,0
757,579,0,2,0
757,580,0,0,0
757,581,0,0,0
757,582,0,1,0
757,583,0,1,0
757,584,0,0,0
757,585,0,0,0
757,586,0,0,0
757,587,0,0,0
757,588,0,0,0
757,589,0,0,0
757,590,0,0,0
757,591,0,0,0
757,592,0,1,0
757,593,0,1,0
757,594,0,1,0
757,595,0,1,0
757,596,0,1,0
757,597,0,1,0
757,598,0,1,0
757,599,0,1,0
757,600,0,0,0
757,601,0,0,0
757,602,0,0,0
757,603,0,0,0
757,604,0,0,0
757,605,0,0,0
757,606,0,0,0
757,607,0,0,0
757,608,0,1,0
757,609,0,1,0
757,610,0,1,0
757,611,0,1,0
757,612,0,1,0
757,613,0,1,0
757,614,0,1,0
757,615,0,1,0
757,616,0,1,0
757,617,0,1,0
757,618,0,1,0
757,619,0,1,0
757,620,0,1,0
757,621,0,1,0
757,622,0,1,0
757,623,0,1,0
757,624,0,0,0
757,625,0,0,0
757,626,0,0,0
757,627,0,0,0
757,628,0,0,0
757,629,0,0,0
757,630,0,0,0
757,631,0,0,0
757,632,0,0,0
757,633,0,0,0
757,634,0,0,0
757,635,0,0,0
757,636,0,0,0
757,637,0,0,0
757,638,0,0,0
757,639,0,0,0
757,640,0,0,0
757,641,0,0,0
757,642,0,0,0
757,643,0,0,0
757,644,0,0,0
757,645,0,0,0
757,646,0,0,0
757,647,0,0,0
757,648,0,0,0
757,649,0,0,0
757,650,0,0,0
757,651,0,0,0
757,652,0,0,0
757,653,0,0,0
757,654,0,0,0
757,655,0,0,0
757,656,0,0,0
757,657,0,0,0
757,658,0,0,0
757,659,0,0,0
757,660,0,0,0
757,661,0,0,0
757,662,0,0,0
757,663,0,0,0
757,664,0,0,0
757,665,0,0,0
757,666,0,0,0
757,667,0,0,0
757,668,0,0,0
757,669,0,0,0
757,670,0,0,0
757,671,0,0,0
757,672,0,0,0
757,673,0,0,0
757,674,0,0,0
757,675,0,0,0
757,676,0,0,0
757,677,0,0,0
757,678,0,0,0
757,679,0,0,0
757,680,0,0,0
757,681,0,0,0
757,682,0,0,0
757,683,0,0,0
757,684,0,0,0
757,685,0,0,0
757,686,0,0,0
757,687,0,0,0
757,688,0,0,0
757,689,0,0,0
757,690,0,0,0
757,691,0,0,0
757,692,0,0,0
757,693,0,0,0
757,694,0,0,0
757,695,0,0,0
757,696,0,0,0
757,697,0,0,0
757,698,0,0,0
757,699,0,0,0
757,700,0,0,0
757,701,0,0,0
757,702,0,0,0
757,703,0,0,0
757,704,0,0,0
757,705,0,0,0
757,706,0,0,0
757,707,0,0,0
757,708,0,0,0
757,709,0,0,0
757,710,0,0,0
757,711,0,0,0
757,712,0,1,0
757,713,0,1,0
757,714,0,1,0
757,715,0,1,0
757,716,0,1,0
757,717,0,1,0
757,718,0,1,0
757,719,0,1,0
757,720,0,1,0
757,721,0,1,0
757,722,0,1,0
757,723,0,1,0
757,724,0,1,0
757,725,0,1,0
757,726,0,1,0
757,727,0,1,0
757,728,0,1,0
757,729,0,1,0
757,730,0,1,0
757,731,0,1,0
757,732,0,1,0
757,733,0,1,0
757,734,0,1,0
757,735,0,1,0
757,736,0,1,0
757,737,0,1,0
757,738,0,1,0
757,739,0,1,0
757,740,0,1,0
757,741,0,1,0
757,742,0,1,0
757,743,0,1,0
757,744,0,1,0
757,745,0,1,0
757,746,0,1,0
757,747,0,1,0
757,748,0,1,0
757,749,0,1,0
757,750,0,1,0
757,751,0,1,0
757,752,0,1,0
757,753,0,1,0
757,754,0,1,0
757,755,0,1,0
757,756,0,1,0
757,757,0,1,0
757,758,0,1,0
757,759,0,1,0
757,760,0,1,0
757,761,0,0,0
757,762,0,0,0
757,763,0,0,0
757,764,0,0,0
757,765,0,0,0
757,766,0,0,0
757,767,0,0,0
757,960,0,0,0
757,961,0,0,0
757,1152,0,0,0
757,1153,0,0,0
757,1154,0,0,0
757,1155,0,0,0
757,1156,0,0,0
757,1157,0,0,0
757,1158,0,0,0
757,1159,0,0,0
757,1160,0,0,0
757,1161,0,0,0
757,1162,0,0,0
757,1163,0,0,0
757,1164,0,0,0
757,1165,0,0,0
757,1166,0,0,0
757,1167,0,0,0
757,1168,0,0,0
757,1169,0,0,0
757,1170,0,0,0
757,1171,0,0,0
757,1172,0,0,0
757,1173,0,0,0
757,1174,0,0,0
757,1175,0,0,0
757,1176,0,0,0
757,1177,0,0,0
757,1178,0,0,0
757,1179,0,0,0
757,1180,0,0,0
757,1181,0,0,0
757,1182,0,0,0
757,1183,0,0,0
757,1184,0,0,0
757,1185,0,0,0
757,1186,0,0,0
757,1187,0,0,0
757,1188,0,0,0
757,1189,0,0,0
757,1190,0,0,0
757,1191,0,0,0
757,1192,0,0,0
757,1193,0,0,0
757,1194,0,0,0
757,1195,0,0,0
757,1196,0,0,0
757,1197,0,0,0
757,1198,0,0,0
757,1199,0,0,0
757,1200,0,0,0
757,1201,0,0,0
757,1202,0,0,0
757,1203,0,0,0
757,1204,0,0,0
757,1205,0,0,0
757,1206,0,0,0
757,1207,0,0,0
757,1208,0,1,0
757,1209,0,1,0
757,1210,0,1,0
757,1211,0,1,0
757,1212,0,1,0
757,1213,0,1,0
757,1214,0,1,0
757,1215,0,1,0
757,1216,0,1,0
757,1217,0,1,0
757,1218,0,1,0
757,1219,0,1,0
757,1220,0,0,0
757,1221,0,0,0
757,1222,0,0,0
757,1223,0,0,0
757,1224,0,0,0
757,1225,0,0,0
757,1226,0,0,0
757,1227,0,0,0
757,1228,0,0,0
757,1229,0,0,0
757,1230,0,0,0
757,1231,0,0,0
757,1232,0,0,0
757,1233,0,0,0
757,1234,0,0,0
757,1235,0,0,0
757,1236,0,0,0
757,1237,0,0,0
757,1238,0,0,0
757,1239,0,0,0
757,1240,0,1,0
757,1241,0,1,0
757,1242,0,1,0
757,1243,0,1,0
757,1244,0,1,0
757,1245,0,1,0
757,1246,0,1,0
757,1247,0,1,0
757,1248,0,0,0
757,1249,0,0,0
757,1250,0,0,0
757,1251,0,0,0
757,1252,0,0,0
757,1253,0,0,0
757,1254,0,0,0
757,1255,0,0,0
757,1256,0,0,0
757,1257,0,0,0
757,1258,0,0,0
757,1259,0,0,0
757,1260,0,0,0
757,1261,0,0,0
757,1262,0,0,0
757,1263,0,0,0
757,1264,0,0,0
757,1265,0,0,0
757,1266,0,0,0
757,1267,0,0,0
757,1268,0,0,0
757,1269,0,0,0
757,1270,0,0,0
757,1271,0,0,0
757,1272,0,0,0
757,1273,0,0,0
757,1274,0,0,0
757,1275,0,0,0
757,1276,0,0,0
757,1277,0,0,0
757,1278,0,0,0
757,1279,0,0,0
757,1280,0,0,0
757,1281,0,0,0
757,1282,0,0,0
757,1283,0,0,0
757,1284,0,0,0
757,1285,0,0,0
757,1286,0,0,0
757,1287,0,0,0
757,1288,0,0,0
757,1289,0,0,0
757,1290,0,0,0
757,1291,0,0,0
757,1292,0,0,0
757,1293,0,0,0
757,1294,0,0,0
757,1295,0,0,0
757,1296,0,0,0
757,1297,0,0,0
757,1298,0,0,0
757,1299,0,0,0
757,1300,0,0,0
757,1301,0,0,0
757,1302,0,0,0
757,1303,0,0,0
757,1304,0,0,0
757,1305,0,0,0
757,1306,0,0,0
757,1307,0,0,0
757,1308,0,0,0
757,1309,0,0,0
757,1310,0,0,0
757,1311,0,0,0
757,1312,0,0,0
757,1313,0,0,0
757,1314,0,0,0
757,1315,0,0,0
757,1316,0,0,0
757,1317,0,0,0
757,1318,0,0,0
757,1319,0,0,0
757,1320,0,0,0
757,1321,0,1,0
757,1322,0,1,0
757,1323,0,1,0
757,1324,0,1,0
757,1325,0,1,0
757,1326,0,1,0
757,1327,0,0,0
757,1328,0,0,0
757,1329,0,0,0
757,1330,0,1,0
757,1331,0,1,0
757,1332,0,1,0
757,1333,0,1,0
757,1334,0,1,0
757,1335,0,0,0
757,1336,0,0,0
757,1337,0,1,0
757,1338,0,1,1
757,1339,0,1,1
757,1340,0,1,1
757,1341,0,1,1
757,1342,0,1,1
757,1343,0,1,1
757,1344,129,131,131
757,1345,130,132,132
758,960,0,2,0
758,961,0,1,0
759,960,1,3,0
759,961,0,0,0
760,960,0,0,0
760,961,0,0,0
761,960,0,0,0
761,961,0,0,0
762,960,0,0,0
762,961,0,0,0
763,960,0,0,0
763,961,0,0,0
764,960,0,0,0
764,961,0,0,0
765,960,0,0,0
765,961,0,0,0
766,960,0,0,0
766,961,0,0,0
767,960,0,0,0
767,961,0,0,0
768,960,0,0,0
768,961,0,0,0
769,960,0,0,0
769,961,0,0,0
770,960,0,0,0
770,961,0,0,0
771,960,0,0,0
771,961,0,0,0
772,960,0,0,0
772,961,0,0,0
773,960,0,0,0
773,961,0,0,0
774,960,0,0,0
774,961,0,0,0
775,960,0,0,0
775,961,0,0,0
776,960,0,1,0
776,961,0,0,0
777,960,0,1,0
777,961,0,0,0
778,960,0,1,0
778,961,0,0,0
779,960,0,1,0
779,961,0,0,0
780,960,0,1,0
780,961,0,0,0
781,960,0,1,0
781,961,0,0,0
782,960,0,1,0
782,961,0,0,0
783,960,0,1,0
783,961,0,0,0
784,960,0,1,0
784,961,0,0,0
785,960,0,1,0
785,961,0,0,0
786,960,0,1,0
786,961,0,0,0
787,960,0,1,0
787,961,0,0,0
788,960,0,1,0
788,961,0,0,0
789,960,0,1,0
789,961,0,0,0
790,960,0,1,0
790,961,0,0,0
791,960,0,1,0
791,961,0,0,0
792,960,0,0,0
792,961,0,1,0
793,960,0,0,0
793,961,0,1,0
794,960,0,0,0
794,961,0,1,0
795,960,0,0,0
795,961,0,1,0
796,960,0,0,0
796,961,0,1,0
797,960,0,0,0
797,961,0,1,0
798,960,0,0,0
798,961,0,1,0
799,960,0,0,0
799,961,0,1,0
800,960,0,0,0
800,961,0,0,0
801,960,0,0,0
801,961,0,0,0
802,960,0,0,0
802,961,0,0,0
803,960,0,0,0
803,961,0,0,0
804,960,0,0,0
804,961,0,0,0
805,960,0,0,0
805,961,0,0,0
806,960,0,0,0
806,961,0,0,0
807,960,0,0,0
807,961,0,0,0
808,960,0,0,0
808,961,0,0,0
809,960,0,0,0
809,961,0,0,0
810,960,0,0,0
810,961,0,0,0
811,960,0,0,0
811,961,0,0,0
812,960,0,0,0
812,961,0,0,0
813,960,0,0,0
813,961,0,0,0
814,960,0,0,0
814,961,0,0,0
815,960,0,0,0
815,961,0,0,0
816,960,0,0,0
816,961,0,0,0
817,960,0,0,0
817,961,0,0,0
818,960,0,0,0
818,961,0,0,0
819,960,0,0,0
819,961,0,0,0
820,960,0,0,0
820,961,0,0,0
821,960,0,0,0
821,961,0,0,0
822,960,0,0,0
822,961,0,0,0
823,960,0,0,0
823,961,0,0,0
824,960,0,0,0
824,961,0,0,0
825,960,0,0,0
825,961,0,0,0
826,960,0,0,0
826,961,0,0,0
827,960,0,0,0
827,961,0,0,0
828,960,0,0,0
828,961,0,0,0
829,960,0,0,0
829,961,0,0,0
830,960,0,0,0
830,961,0,0,0
831,960,0,0,0
831,961,0,0,0
832,960,0,0,0
832,961,0,0,0
833,960,0,0,0
833,961,0,0,0
834,960,0,0,0
834,961,0,0,0
835,960,0,0,0
835,961,0,0,0
836,960,0,0,0
836,961,0,0,0
837,960,0,0,0
837,961,0,0,0
838,960,0,0,0
838,961,0,0,0
839,960,0,0,0
839,961,0,0,0
840,960,0,0,0
840,961,0,0,0
841,960,0,0,0
841,961,0,0,0
842,960,0,0,0
842,961,0,0,0
843,960,0,0,0
843,961,0,0,0
844,960,0,0,0
844,961,0,0,0
845,960,0,0,0
845,961,0,0,0
846,960,0,0,0
846,961,0,0,0
847,960,0,0,0
847,961,0,0,0
848,960,0,0,0
848,961,0,1,0
849,960,0,0,0
849,961,0,1,0
850,960,0,0,0
850,961,0,1,0
851,960,0,0,0
851,961,0,1,0
852,960,0,0,0
852,961,0,1,0
853,960,0,0,0
853,961,0,1,0
854,960,0,0,0
854,961,0,1,0
855,960,0,0,0
855,961,0,1,0
856,960,0,0,0
856,961,0,1,0
857,960,0,0,0
857,961,0,1,0
858,960,0,0,0
858,961,0,1,0
859,960,0,0,0
859,961,0,1,0
860,960,0,0,0
860,961,0,1,0
861,960,0,0,0
861,961,0,1,0
862,960,0,0,0
862,961,0,1,0
863,960,0,0,0
863,961,0,1,0
